{
    "1": 0.6965405531116212,
    "2": 0.585120173422245,
    "3": 0.5201136889160324,
    "4": 0.4767795846113563,
    "5": 0.4367045881773069,
    "6": 0.4022367855414288,
    "7": 0.37716605447033774,
    "8": 0.35751864602240174,
    "9": 0.3517611501536386,
    "10": 0.3694593546047212,
    "11": 0.401572724715082,
    "12": 0.40159905044837124
}